english,mathmatics
136.160002588706,63.7880275184374
90.9559978070586,108.32287726332
146.174356707869,132.533235300492
80.9388782951916,29.6290689211195
78.9114467573455,112.873740664332
157.17648593852,115.181676764727
71.8323565133129,82.7578011959606
106.734763164874,83.6010443264744
120.214503261638,83.0664400272015
86.62637665583,73.2988651286769
61.5814867930418,85.6842190073936
53.0460959724631,70.0484066542089
136.016381085685,76.7123831608603
113.13084899122,101.933764518288
95.6085555452659,128.784821769123
98.0194277333834,96.6914351682768
113.351080458895,84.6697148258008
170.263371593245,72.6641375011057
108.351471025236,74.8848495919318
135.454108970346,172.47505535468
99.00624182308,104.022646604561
125.131510355216,85.2794230992717
103.528332407389,86.7835638294032
122.245677133876,113.787683230176
112.250409075495,79.1883925918758
111.333122828762,56.5538526884058
60.1489986400846,117.242671627022
78.5069107947407,69.2903283110836
106.968675647529,99.5458509890746
136.78680700728,71.9215419649482
68.5738572720512,133.068926386008
143.092215604715,85.7322076339283
135.474067851598,78.7167988746248
123.286145074395,84.9622581821572
129.169405284272,51.1271959276389
127.109726835732,64.9714221371744
61.383881618667,34.5988105315398
103.185628029619,59.7702042369992
121.476128609712,91.1711842370886
79.8483341056701,86.0230737878167
94.0709912224936,143.484887958614
136.602901760009,67.9407182897626
116.828953613529,74.3390609878748
83.9880209676486,91.5813099412764
41.4905360594835,70.1697977111301
52.5417031119846,70.9445704638385
74.8663743329168,66.780454220747
100.392089880534,62.4404234308318
151.77387886033,84.2851564303793
121.925607210459,85.094501281999
106.462415960409,45.8190622959415
85.2937999433886,82.53772225932
98.2181972873154,66.7333112671966
98.2506384122628,69.5511397152397
44.8491068027512,95.1307142932954
88.3704730175948,116.891674569836
108.41652173964,149.434524184452
112.855532138907,76.7993972816892
97.1402519340419,148.177288865719
124.399942268243,65.2657435691677
58.9542976772358,119.697653929984
108.626080902707,176.469732121536
115.856572704326,98.9571883058849
126.190387697709,79.9109926101413
71.92320782798,99.7718573286708
138.318019690666,153.312533444303
114.062195168177,65.8417678974728
90.6245117998099,141.034815382698
103.249669049305,139.886943723471
92.476287480009,110.094183916115
139.485801826187,100.206785153259
112.902263475022,86.3359378551572
151.123290927584,89.004282013782
125.264120956434,119.448597025094
65.5524821407381,162.108125839928
92.4150539227235,95.3980476259909
97.4413844162645,58.2789715989553
128.008783915636,78.2925466866954
116.704588184789,107.747852865036
130.491109582623,90.488226551164
98.3942425053656,94.6663012700712
77.0459918155822,94.9001776943638
91.0241555385549,58.8309434236992
118.528472446396,94.786384887579
83.4163805927703,125.506967713657
88.3627450339306,120.928261350048
74.7036717324892,116.499920532733
113.218827590098,87.9180407365713
135.380961197582,94.2521868856457
102.537071960765,64.1641636119246
90.9166691484217,98.4052354377003
53.2271880662695,107.655880029875
102.089875819157,151.178920217202
87.188817565966,130.045397570903
102.497895948285,85.1324967099562
35.3080677771454,110.666508909992
59.8609582185292,65.9617586939846
106.969133421857,126.346108808569
103.822122698422,129.187502601284
100.650562128153,163.63351316127
96.6023774684624,112.43570603125
116.952862314774,85.7584457941192
97.5789883826652,101.979804811134
120.873142197668,84.925666528184
132.88606398856,75.2200423861199
75.8667832673644,105.00967839259
80.3006764019588,73.1120612126572
117.040920320336,105.045561629673
61.8164247553558,110.649047830446
105.776317472709,98.436846493866
108.509956557665,94.1219614385124
128.610151388178,80.5279074518272
100.730519381025,66.7069830580381
104.109578945726,125.478226079652
97.9744482663673,100.670875782281
86.6449492050407,124.934218519205
72.8019883526198,62.6713644596732
90.1776830061828,105.070792412985
70.2231511974372,120.19498920843
68.0379827791874,99.2117087065442
187.914461661417,94.2582349433193
110.883212289632,76.5428005990037
82.9020238572232,161.744859632905
133.589064169151,122.515043594675
128.819510758123,154.726249071349
91.7879058426338,102.40178923276
113.242698659205,81.057721031009
151.944634530355,54.6013563989882
72.8243546807088,80.9170050674485
125.225189245203,106.789045974915
88.409564352221,130.410710423972
87.6270965662895,107.58250405199
54.3619407087296,64.8415506147664
94.1030729361753,120.061429855751
80.0316894148965,50.4969719546692
65.7822672325566,89.024432554243
112.191433841428,90.5164501350076
149.666840610679,41.5526185803589
95.712098905267,127.601725671727
60.2225707507352,81.3138521536338
142.188329819187,89.9789005000763
69.6360515501456,141.854436775889
101.803925288735,119.100232331169
97.0155572715918,96.7470490902885
110.476653925176,115.41288335214
68.8944016122901,111.978154218219
57.275305625751,149.885693422912
52.8745362584145,108.276802107565
129.022021992019,115.188178696231
77.2214246697162,110.426559250714
111.285689633744,88.6828705751106
129.502282417456,102.928583893277
88.3031469669035,149.162339353652
100.538521412447,73.7322257743129
76.2482618472989,103.652799959231
46.2280637308896,140.863919825349
68.8984934519103,92.9613673923187
120.870568466812,68.3985157617074
95.8113200509205,73.9064918309227
57.6026351832236,88.2961891105884
64.7668721111308,74.5794978061128
147.543447479929,92.180818237018
71.6071023809861,87.5674088097432
110.21542255356,94.508476068417
118.760880721111,112.211682936417
133.036066869481,118.738993846064
109.353863802206,150.346172311141
79.3403048384909,97.9391903930503
56.9418436639793,90.3748026202547
95.8327870539934,144.130171511467
102.191571592652,151.129881934813
106.070078143354,101.297321126726
71.3860199277349,90.0202804259944
132.435803423261,45.3329374731071
92.4994388634603,142.337871962403
69.3513405828454,74.8725269776942
68.1444546659904,66.2871161681405
87.4878936978173,191.312976582859
134.870984541099,107.05063924752
124.63254189444,99.0022416966008
121.614647731462,18.0334143113259
143.298159060909,97.0062823467431
98.7993899666974,129.280952047672
63.3115994809958,112.416067463533
173.400817498891,127.369664848303
77.2483632405543,159.511966020532
106.079849623705,135.073255420409
123.07401541585,84.7378895375434
76.8997356576818,121.125405353965
80.5484452348138,94.0475117853376
97.1134786414343,83.8578763334541
127.589300595081,14.327240349423
121.145853317137,76.3105944320872
148.517021868328,114.634439054911
43.5731827489907,165.04097618558
104.667830825428,115.020838428424
122.635412463437,118.60630611002
164.828573325087,71.0229036959927
112.883850409012,104.879641243548
116.473837139188,37.6528737433787
142.06947648653,114.556804617078
28.4808453062596,120.903063356947
73.8116694706456,105.565417467492
146.069976615227,121.022005466334
65.9807424584591,109.350430859841
68.6547951814505,122.813870859035
82.3050793376318,155.27390878623
88.026887953154,133.370885237878
95.6515244603458,100.979918725043
81.4251634717677,66.5665310560791
130.978573182944,112.541734671552
119.480684148271,87.9929428797051
130.060217745772,144.804793078524
104.976428799655,51.7875718045085
95.6003111465074,87.5274463479545
81.9383042757177,112.660251196523
84.1283342352154,95.4479039039507
56.6291247771591,81.8154665420734
82.0807213771324,90.8583679309986
62.3104923613131,118.886082996534
67.0767387158438,126.855159408266
117.653812392969,119.806378954612
77.4609615547958,168.204505613424
86.3945697694724,135.204927178972
96.4246529749335,108.631291849414
127.101631249157,80.2068971853608
82.360526299171,187.574203921528
98.0881375530624,120.32246501315
110.645075648103,79.4703896759198
72.3251276674362,105.594762492429
70.2302389421333,90.2682009854903
73.7930829461948,91.7588734532258
178.331303833219,71.994899782304
126.919504981301,103.505360349582
71.8829404418615,109.574807159444
122.36009004403,67.6737363172171
87.7438111077238,3.00543601230588
94.5126198207173,92.353760420364
66.7779312645152,100.885534909644
121.311150111389,117.828213223315
101.734071080822,101.774055045364
89.6522974986204,112.401966842111
61.8203665759301,67.0668347628874
105.321425057261,121.335257718113
91.2878200906516,121.566661895624
140.285446180118,107.549532070869
81.0084991018552,140.718233084553
93.7954088175076,112.134054138358
80.8207797246841,107.930928095138
112.320116949037,108.041317124311
49.4393013620241,113.107917311185
104.194783127269,131.803717164621
96.3658375344979,113.565711895861
103.170375288983,119.895958470612
74.6108532613309,65.908793380275
123.053470717692,88.8850744872365
93.9561278419329,144.309087693774
82.7629120459604,63.2828874845873
137.35719663949,107.742051621883
93.1684357556991,112.150084163005
117.81406186806,129.274099654284
57.1356764271339,89.5336979038027
78.853057930176,104.758763184738
151.754017282003,47.1023480037654
72.4214565420101,110.157881412997
93.4677721966544,80.0030491132218
116.839742856976,92.8406012701707
110.667568834445,64.3670415262842
138.16426499835,111.548059653057
88.4140944503828,119.997385469634
149.155694140428,90.8615833162679
104.207883318134,154.750331922589
86.3447317648912,120.116781117028
97.4984991401485,128.458977197655
74.2248003306869,161.482090050127
98.4835568633295,80.466591722874
30.7316768731883,124.258578185389
125.78389524209,129.597418418637
53.8265149400174,99.814876117279
148.433985320468,109.571570737957
132.31949374928,69.6453429177447
127.040816411464,114.105026431792
145.633370834886,78.9708900511271
55.4591846479669,124.410485875795
68.9889003961008,75.6570764802168
58.8620050472926,109.581924612984
118.267643243732,74.6043204050913
97.4320872007283,92.627104626138
66.4447752674881,53.4142296668362
68.1841063553856,103.853020987773
83.1958967928319,129.563301682146
95.2555737729801,105.497425692016
134.925196669499,47.0131235970862
90.7094141142925,81.3839891015217
105.354814446211,149.681291109962
119.635737160644,154.294161567516
52.7152820799886,64.7488969596359
121.042112121439,88.9989022351708
92.7137083188157,110.608763467819
84.5189273061679,109.574686626037
68.4653571386628,82.601290329418
88.9808681135163,71.4016389415928
40.8035405507944,94.6171423916314
86.6458975631639,130.294246448329
114.654405054716,100.708798447642
96.9246539249306,80.529153412483
79.9261226317225,84.8687733385543
165.715264245119,148.431744863751
102.866921540411,86.5912056623301
98.7542287445204,122.895302833399
107.15802621694,144.151560585574
98.4589439053981,113.309947110622
159.754190806212,87.3483438978943
89.6129114576668,98.7999512138178
99.9091197159662,85.2316009531634
114.772855022991,136.831513519383
185.932561677715,95.5133930426682
112.336382106935,146.499501519474
96.453743858432,83.1516239385606
102.13482303304,80.5864824810292
118.260922868644,104.293964771513
90.3506413587423,100.725659439732
127.314685961281,84.866454262574
79.0215685804161,52.5580957020898
75.228028744206,100.901992637663
71.273697642554,78.502699027879
76.0346118890412,132.478328664284
110.563816301501,71.4194363518212
100.748404847073,133.794481870275
62.6477988491546,80.5287094786265
81.6717412435101,108.774102352202
89.5935090201817,126.961081732082
61.6246086713605,84.4377292962438
118.805375256089,116.633156570354
99.2421018519563,97.3607898644796
60.9547299208826,65.9436121177744
107.493690837031,91.897611670003
95.9500496561379,148.593696326048
104.400196918327,93.5760647891008
62.9820821758148,75.4665261122513
95.9372205289714,98.3793122775518
97.9827912275591,109.904248295736
120.43666325534,128.659738439722
112.553888207617,134.318796333773
147.07642627246,103.015671951252
87.712403776757,134.937257369721
74.5659042119629,77.0722015660256
140.121529286574,29.6645978592909
87.9593581408663,85.8494972341139
90.1319230750291,84.5243353147783
94.1403699987938,30.5189154549232
97.8561216966353,116.874152709086
50.952002173009,76.4867458173286
90.009787672621,93.2183804131551
57.9456213135953,52.3869103703787
86.4694893741952,116.425726056049
85.3802921278019,156.736810520664
116.192123653346,73.6576866932787
19.2727775273704,96.6232326686564
101.794482270679,158.46139194928
114.924276035813,128.014489966232
88.5274855024108,157.391782650911
87.7245946468623,99.8429782620418
78.2876223163312,95.432198532351
127.447737231174,84.7110502846265
104.115552745587,143.037211102784
52.7712016638,61.4248440300104
114.487531091283,109.219426457651
110.685715393317,98.6104440016785
81.6933317733227,167.555254003806
118.181054421011,81.7589881417088
65.9646398980824,54.7213549044689
87.3259513321812,106.978953085257
97.3135086577859,98.8105391184672
147.751419818909,74.8262479748397
110.415010427291,103.968732647325
38.9711204672395,91.7342575988218
108.577154667768,79.6372407619591
80.3686365105339,115.025077953275
127.742428509084,90.0501306397963
147.721091177621,44.9505924768242
78.7180459105179,20.4477625488196
56.5201961110875,82.5825348374676
146.331409281521,143.625606126136
74.6179225533581,125.143881398941
90.072025879649,136.451607413384
110.985619325774,129.475163281984
47.5214504975153,109.472920720553
130.15434884368,54.7881211685104
103.523178965255,106.167093614988
79.9448336038571,147.916842710314
132.474220642985,-1.88190603723091
66.8209658264143,76.5594314709376
103.424601458035,133.073939222557
63.1255508671269,115.862350583359
100.69890448275,123.681832105446
122.053163998605,113.712985175682
140.215444994006,116.164993469744
141.191976771155,100.439293672333
104.471712819218,72.5053259289072
160.188278775915,63.1955472769704
146.787056122543,101.084586043907
41.1189529254675,87.3582065928583
105.349546708169,73.0190677461129
59.271379805157,112.523239524597
50.5302385858549,104.60334210592
96.4154628821912,143.898491355797
99.8913815098717,66.3549250802338
94.1066966222605,84.4663575083493
79.6078147980789,97.7515873498443
75.9662546510682,57.7662975568276
160.456017393283,91.4588239566857
98.5781203573994,78.7548646535987
81.6071017942045,35.5708299658745
105.100554431602,91.4848851816593
93.2272142670464,83.9778350807174
73.2278757662483,133.990305824626
104.428392962694,81.8779323145703
53.8845306888858,116.725347867774
86.4214193538773,104.278878797653
147.870827577116,62.8941935546403
105.614958761012,111.224319175096
82.9709659561316,96.8174162960064
95.1196264970921,104.981859595271
141.159490387775,119.741045450272
156.51857535074,103.418887599142
102.041410244942,147.554774920936
79.3807919844126,103.4666032133
121.240021863165,62.3800288214946
88.6696819355153,122.255943379022
82.5772678217656,63.3129515500045
70.7612172281998,42.4331760471366
82.3764247200686,75.7019083023762
92.6416366352972,77.6596831364417
146.980111125151,81.774822319204
115.243844442816,148.202786981948
74.2516343822683,149.067983388509
86.443998423556,121.782732900955
126.937127105594,61.7849522486963
90.4296656534539,100.694396663
102.818935317393,114.613637014794
62.0707502523377,95.8891749019081
101.020280958359,105.15236447368
111.645070903838,71.6561825530004
107.81364495728,61.3713908198136
126.323035422613,142.232972162531
61.2174570848006,108.021180671595
95.0443643917735,87.7480707356197
118.096212271345,109.758136597508
88.0418829759547,161.874429193581
74.2314362362403,110.880008669919
112.657374057082,142.342139341117
109.164666682891,141.026329437263
101.775640435254,87.7847155863538
160.056165638572,122.876251926576
95.3369073592766,80.4639753090483
98.7231331745297,55.7903266159505
107.861175963825,63.9500261078467
130.635797749669,95.5383856560972
68.0392868969524,153.911872856569
113.727725136266,103.144261535667
95.9408826136217,75.9148607994557
36.6163721289618,106.91124892491
117.755010861592,120.939255796543
120.062136821373,61.1439480416236
95.383637772056,68.3595934606701
108.561748347978,41.7517753097479
114.780893176029,61.9131822098884
87.7068538183569,73.3768356755168
93.1193064763943,91.2425271189042
132.23876899952,142.302821589191
141.422525633154,126.659242907918
82.0530027566294,108.189229590708
125.184059264432,83.0007560192143
128.66275180142,98.7937918769028
62.9134578798233,116.428367359032
97.720475434912,84.8790003518339
116.187187229043,131.772103886764
76.7938564171747,132.923606993074
60.8709842851152,65.0048611112324
70.4467007767218,77.5926606974182
130.351645320585,136.202162000178
118.180870771552,49.3834035836995
90.498218334794,112.59129684719
140.940733259359,107.004962849164
111.45898838583,195.877035935722
100.428782234553,18.1095897631915
101.962543959969,74.7761259572786
93.2970274341483,120.220860059514
94.5045349996332,150.229795290142
73.2801627331253,125.190612515215
101.592155344603,57.1489469333443
124.895743465452,167.181645075035
103.630872934753,47.2820132769474
106.289741303045,66.6095173628603
98.8123131486171,98.7057882816
55.5702940757147,166.767607267198
83.0001982482387,115.189497620147
46.3125892410577,121.911881543073
66.5785644653582,151.842327842105
46.1777641405632,129.543399049437
140.936466996894,63.257863721072
121.223199549992,121.291786541975
116.688530376625,96.7234002226581
109.302432812581,153.47823686165
111.28538007185,92.6966596119107
86.2442197471941,54.1867893323617
137.834474482934,114.755031143999
115.823954896184,110.63510982781
116.704426653956,99.4712095710887
111.233161786481,68.3034903364832
118.131999429432,74.8325600176519
63.9061878840202,99.6212285052872
76.9338029978358,131.14330438013
92.8494693027592,89.0662685828482
142.450844241661,73.8565158344382
11.9867684018194,18.8739092365991
71.9492272792504,114.827495096219
62.9834643482243,112.820209749973
156.741541653942,139.275725803291
106.679538793538,144.001679269321
76.9561741491726,95.7083180111615
88.3613902521145,138.955411786322
81.7260090532501,100.039406426678
82.2844417517104,79.7076977294326
113.054222598564,74.554102093436
107.52309695497,89.591766987777
127.788081511699,106.824383290812
67.3769259023969,99.1779578916667
158.318776477126,106.026333717551
108.418613150091,105.968280154684
75.6376732998589,121.437980682511
106.231110610241,91.8045467533045
56.4772804009951,149.060423737952
74.7552046553391,113.130816594389
125.972134663881,64.1939244775276
101.796334201029,91.7005058740246
99.6540654025073,115.476491516054
91.9266564582467,87.6683400374097
115.844815177702,110.349851484177
118.512215241001,113.031875824934
107.871175450651,139.104330490151
72.6295848698368,80.4491226780077
66.2916823934305,99.4935741301603
118.105591410476,82.9692263411923
98.340298190849,66.1860139071015
130.019752986544,44.530890664629
122.745364874177,105.865871655457
118.343074435158,118.046956755868
139.501667896238,119.174744793698
160.222450516515,58.3002154761376
76.9599361741259,66.1096643980725
87.8271605948732,65.765374154873
124.951476367481,79.3398550119734
71.2577268066315,105.105934544564
45.6784224568475,117.834502817722
176.500434544834,75.5490204782513
65.4923475784775,14.0695948879981
63.163190367377,128.614704451248
95.4369051194857,118.458543118403
115.692514275621,78.9738789834921
133.047800930375,67.7901597559063
126.391908442389,91.0002640960079
119.101007732623,103.243196884077
163.177942925287,121.69602290763
119.387750803673,141.702852882228
70.3961972104163,74.5334980486479
122.647004377978,108.721685339305
53.043854113056,140.025281011073
101.501477829746,72.9597353422275
96.6691388155991,93.3170976120145
85.7358686200775,46.855959153898
128.170117141214,108.622667503433
123.221368589289,80.76424713028
112.706754016979,72.2518707328316
46.8136151676839,76.6006759244403
87.2034802500912,113.335101207831
102.834105192661,35.1259299216502
133.49786301447,87.2346730023716
102.623054395886,69.5884702238636
88.224217294802,71.1364291508876
110.818665077612,114.239038818321
126.639530848524,110.552628088136
128.392496613876,96.7893893125906
106.597346682237,116.12551769801
89.7333964923937,81.9368530465561
70.902276117534,39.3010706399896
140.063594205914,134.632638417944
124.026384262184,93.0792100691767
161.403890325522,89.0473369535527
96.6983134541898,104.725537881272
78.516988787941,122.977966689532
92.3763819287316,112.782608986069
63.1371343595503,127.817961998959
82.4978798213165,101.384037785215
117.613743211869,84.8714307072667
56.6000392625141,90.9865177493332
86.698178937159,124.687479359376
82.6615934285366,74.5219361161288
127.655048916318,71.3916971295641
107.479801154955,109.404361476477
136.65695939127,118.374199222999
102.176189381365,49.2675031738935
59.0529626488979,123.54095882327
113.725930595327,100.357754057801
98.0439934191972,94.5623413639012
76.4805899222891,133.20863207442
147.631242194944,144.381846129648
141.080929397145,65.5780167700048
127.825594078671,130.34963129542
90.9747532050935,81.0379241507536
97.5859316168819,103.970839585573
62.5975950844835,114.42778194176
137.033473006151,103.995328827538
113.172078829679,56.1140661301542
163.047818591668,84.8079465857578
51.4373148588022,146.189897120126
67.4701452776761,105.183808551619
119.22402720739,74.9252822776097
107.584594787712,80.3221388836118
104.044878196674,131.72698259606
46.1393202485853,110.382504695961
98.8480984789294,73.0844037401892
87.6100513332983,100.187956337669
79.0128363109903,117.900115272272
79.3062716627155,151.67655423832
150.131783958756,73.5475154977197
77.7985507743212,88.601621344994
127.723746973413,129.883300476213
100.950657199329,86.2263732116848
157.833789445607,143.807972386377
93.5709091096501,131.297385308511
130.151165965209,50.228770889595
165.368604768694,112.718733286822
150.176473916647,57.4251122144428
142.621664066531,56.0592262998795
83.4840508366493,102.112629164435
90.6870046924963,101.700946659408
79.4477826111412,99.0187546820324
115.957314724505,137.928436721991
94.5464362041017,108.849636571907
87.6521146661091,79.8073953848653
102.55177146875,103.587648744729
133.201186106083,84.5681047302612
66.1259921278002,97.9566527840039
49.9595312687757,65.5596426448977
39.4269122218159,96.5426655961249
73.2235589328266,103.08809175547
105.616140496235,78.9476953869058
103.830922468321,101.236918728109
109.159904189742,80.5369494820456
107.886005135689,80.6797642160067
101.54405933279,93.8668352480089
159.179900792021,114.725227529848
99.6631524884456,93.8398903818841
92.9396542811852,105.720739717758
128.511095605633,129.100725779834
152.71443925586,91.4421676645879
110.798819527455,96.891421943747
193.647686752736,115.337636236111
49.8235866327078,62.2551264995284
79.2835055065308,116.314779068686
129.300109602134,83.9510924025103
99.5459747318532,65.8586191965978
104.963625257513,46.9598868737304
149.806401055806,78.5506539139677
126.353031407965,64.8939320692114
71.0255248419287,64.6465555474162
134.67463920202,148.8187401386
122.541871348468,63.635600031144
122.352530675642,129.925297523239
63.1884254357784,116.357369242605
105.725739814642,73.4563265447464
83.3706776207595,81.6630790635589
76.8570061868882,87.6940146149993
111.402003993723,105.712281095104
133.856541650679,89.5502521312199
94.8969466888005,124.80542590855
110.756269961532,91.2193929309183
56.7118452794021,35.0396137011028
115.598405897298,97.1134967138986
109.319262831979,44.4412946125425
79.5178760619535,128.134334056963
119.907352610963,77.5694055568151
100.538516459107,66.542756928995
85.1022695040517,82.2548075410353
112.128241015171,117.556920517276
136.349464306423,42.4432540207041
90.6176884979152,107.614503745123
108.39585592569,70.8327470126149
160.595654036342,99.7445965588595
91.9126341046663,120.371257330224
96.0460224739247,117.088941000773
150.363138111446,145.088849833852
115.776385099122,103.872562034964
105.253738703354,78.9645114497015
116.698922901748,164.611216479317
83.4445477267443,90.9026158521475
147.281545398408,124.22739330724
128.628783171734,127.929743983792
113.495902737956,113.647062948188
56.6828081454529,142.762620701908
104.657622664415,93.7302648246175
130.651567239697,63.0579166272818
53.8459075845067,89.1818926853996
106.935279223794,83.5836010154783
83.4422841354487,109.839880225434
66.3461788939006,72.0010050371903
87.7136382294252,120.424324744005
60.9921542187737,65.0835279944093
123.727638146056,152.6634852965
52.0414163875436,143.489120927647
154.687008205133,86.5361517636675
129.260893419305,104.202018667914
117.593819765553,88.7904901546725
93.0067134459276,63.8069764828575
114.20345874476,20.1596207517696
82.5066705793429,99.2471652020323
87.3991165812437,98.9688022825281
79.6341727428835,149.270771171345
55.526169244916,40.1361355738351
142.758521132856,80.1348772419277
70.9007505804975,126.401139769301
107.963973035856,110.271622600049
124.093166520555,103.652615665714
153.311023057479,81.3771689646456
125.47110674877,106.028358027221
108.984346574381,92.9228395592998
158.207334375696,103.409833449107
110.800983629015,82.6621241413655
84.6968143849054,135.65694657515
138.939112555889,131.798088343644
100.145422070438,140.10274632594
140.345567046669,88.9849248660935
101.550525556935,90.8698988566482
73.1545061992277,89.4916112729286
165.396468183826,141.224342881841
30.8075070319838,91.0083852437479
135.032510666528,102.929054326757
71.7871084398054,111.435640861712
37.6269521181436,120.346376704564
128.3147206982,91.9698018329719
120.263624353791,170.378969930047
69.3504901600776,72.1751603342551
124.525102920009,57.2032847890679
128.71362202033,101.269079931694
52.5664216051989,153.023304100144
47.0067159553788,101.582509814361
106.811054766566,103.291781199099
31.5666941507418,125.896078466745
42.8875835021854,97.0308038569115
102.058646095024,103.110896382587
124.415774178,136.254546270539
120.19765943192,102.812380631583
57.9390860986599,77.4341044316175
83.7995017511027,111.84772659618
80.7317749360456,67.2543869803774
100.381592949609,56.2512272501292
94.513613403111,96.3186314513274
114.655437406922,66.9721242499481
65.9428979177063,117.427692155193
109.781530667477,95.5915753192064
40.2441239851662,77.0099615478294
82.3968131694373,148.686927356339
70.3500032884865,96.7017836789203
55.7312819414887,142.651145627862
101.408601395683,96.5973685301081
153.025932976007,90.1215717525654
118.289019153097,111.203829507914
82.2022926324835,130.896643928194
63.8983834002056,181.17325141598
93.752295191828,68.9516238625227
74.8258192440458,94.4971042407782
71.7087569802304,132.33313922354
69.1572064272161,110.248606758964
77.5730846735423,94.3796912764398
105.742811958587,60.9142267441158
69.2592950601533,91.64025214073
115.126659242814,94.457382746252
89.5435342163872,97.5466750847931
115.281216255698,148.367253811812
85.6652662807316,86.14180481486
84.9704381319397,52.7184909754409
103.167415518322,114.892992205934
99.1807378329682,96.6413864854309
86.9885258628661,93.8696079936408
133.9319345333,119.067044885692
69.3793929842648,12.7997813778536
91.9217713000969,83.3902524171714
83.5435407582639,95.3964451524723
105.08263487076,118.158715472813
156.353207498515,92.1698021144692
77.5507841461767,69.8458461276625
107.803004200234,111.176983429378
81.4521802280886,100.583385295604
38.5618911509014,103.315864461858
134.668745139336,134.697113107707
59.4117577976729,83.7333861936471
111.025659448298,62.5239614974276
101.74931389842,61.5996220974043
115.966542773134,69.2820163662885
114.955014320728,58.3704826003581
134.504187327276,98.5233665678162
96.2127723181567,154.328821914494
85.8140830248661,97.014698028752
105.595756456193,123.317113728922
148.578593498748,66.9221102445996
112.082771386582,93.3506565189462
87.615632745845,116.982848877877
121.621582121816,89.3512196423481
117.701956912573,123.557878044041
135.08879853585,120.821421357982
82.2563006178448,81.0181031324514
120.059168470052,76.8412407411608
4.96187058350634,170.734521628033
69.6088174792555,94.2235199092057
104.979619589541,100.198580026426
99.9275058319717,98.3636192611792
121.519059495232,82.9537935837887
91.5598591507593,72.1907216891007
99.7815430865917,65.9279445585789
151.89100679225,127.418870171634
155.304208492276,70.4181150003138
81.9639090576923,120.024562404689
169.538127124499,142.197864691199
111.409362211587,134.733368803536
50.3450529942532,95.837404072794
149.885651470466,83.8203444711959
91.1581100265524,67.6331950281545
52.9029568241978,99.4431358014667
84.6415930971386,93.0215294296389
61.4229279680817,104.688806275425
129.025442606791,81.879707357379
81.028319364798,118.87105360365
94.5076399706104,121.425087125561
59.496516492288,132.276583038663
25.3801698566725,167.49266552138
96.560149087556,105.936717966379
67.1277890798806,82.7336104456389
112.081296135789,97.6803740498622
110.772091430634,51.1624033269694
116.583646897494,103.897694619071
140.64024940827,87.2298060021982
97.7998341381321,112.180352455634
101.169655899764,91.9356944308579
78.343903480559,58.5704639110688
106.447568734185,101.097499640337
127.467548013205,59.4026640647084
103.853156224065,126.910185818268
44.7936853653584,45.1192086320822
86.4840623202808,95.7436916748403
91.7561896701788,113.739453335283
68.3087074600879,54.4114746073004
46.2383716283724,141.971659439808
48.6754235170406,73.4398242729093
112.942868018124,84.8100912633604
102.378305931553,104.89996317899
110.896751335018,89.8856843122483
106.029714191107,68.9214540397052
86.4615421049099,112.280137846501
114.398259544066,84.2732962534934
134.965755403801,115.195011205726
107.168319138717,84.8583141167588
56.504960442729,71.2824901313949
44.4137838324056,97.1609692464023
112.096945133883,119.483179528318
75.1909505213149,107.269653979812
103.874047072379,98.2319772921486
103.645806603951,41.5661778527147
120.228198544014,143.543308956745
147.353013963832,98.8018096708683
45.9377081065866,74.0800692679027
75.9664955840648,93.9492928086245
153.767941825245,107.837666881823
110.422561788263,54.4494585008241
53.3705221201105,121.519258968274
96.805216204423,107.404981842893
94.2247323798856,136.083011389153
74.5231609857718,129.581178113421
70.2845616474018,83.8617820281328
81.172533650656,85.2915177455813
87.5435354333189,70.1345148231266
55.7518280549583,89.1489121523616
48.7158377826544,128.330644338908
93.1492119415204,153.766210348464
106.243506461819,127.852281875929
99.6356273418296,45.1018699110795
89.5083201023511,124.656343184894
120.329339272296,131.088062860102
80.7345196240784,118.522604323894
138.683141058081,74.3520891064364
33.2179823507657,131.935315554541
174.502580769276,121.88444374311
94.8149716388271,119.879697530743
101.767124429634,88.5577839188727
83.5764310808506,125.376753333807
112.314208063129,103.347756533374
27.9278451905919,97.9668921503189
104.326628183271,144.612942895548
99.2981067149609,122.716701299387
66.2763417591932,13.7787251980387
79.0667652858175,87.2037265276756
94.5727756391696,55.3778111310408
105.088084912174,117.663749371328
107.035841420581,86.7220146767266
140.647920785111,127.039144069606
81.1013176443857,114.034850211031
86.5818954245039,100.661209560011
131.321255753703,97.4467650461316
105.618567238713,89.1619857203963
61.3812738912365,105.985195046118
61.7772156021436,66.7523723589909
136.634840745771,120.183822114591
75.9393428035114,88.1765909987908
96.1950789789218,77.6809724324502
88.3445542844937,90.2165956964977
126.165885196342,156.240064804434
106.212609700269,47.2600256395979
161.752380669162,89.534172701054
122.173699513435,103.197676873552
109.198663731263,83.8702365638456
60.8974709940036,87.661926042645
131.759795651653,111.470450139284
90.9483944249435,106.675422656279
97.3008043950168,79.787364750409
140.901767517134,117.022987416116
91.524283860892,105.3845096428
52.5790164869853,120.590252484641
71.7987926103442,60.1820901554976
66.0570930396755,76.96250685333
106.410877020815,94.2189247398163
71.2648328575,128.771535942466
171.12428888607,84.1290591406168
137.597758280645,69.0133902714743
105.245438548989,123.152364713422
96.7446522129674,113.960699925956
84.4923863706205,63.2298679925808
78.3509684216558,161.40031720661
113.798314983289,144.960233466919
114.448346395335,58.3315274596947
110.478259667604,164.601293911684
116.852979155311,48.1264977835191
103.741080951942,103.061274552835
73.6734301641809,65.7616261750872
86.0995925918194,88.6897273538866
113.180960089883,89.5365370371386
120.772518774904,109.686552436857
103.133583807717,66.2698114617953
106.239997377014,17.2885083303798
63.4207476331533,97.1256670264081
168.113070970583,77.5990058513005
129.20358007145,106.323442540162
81.3642922286327,74.5447057447354
80.1231498310634,123.76794297113
119.529707461607,100.87562297727
106.262112056629,118.101640374514
46.0926505857478,70.1517968555966
132.963352446832,93.6600262556872
46.6677372474025,110.320632624886
90.4916677556627,97.3186441304939
68.512707351053,149.621123995495
115.788423550202,41.1127386037308
133.606376089072,122.683765344985
88.052215177998,100.432559738292
87.3607959098892,128.371414121824
112.754609471517,97.0357452284115
126.309730179433,17.8073726983857
61.0001018707142,112.609175482695
140.10360269485,93.4486221321705
57.1227271080205,70.3193401120524
117.840793602594,80.3059331144639
156.480593734606,101.669906446039
34.59066304828,173.561903343249
88.636681640691,105.645207212131
132.07938486115,70.609108948669
111.254349448658,157.108314025137
123.843931553871,86.8444065341316
90.5463139386618,75.1082171324361
95.9818184294903,62.58306043714
137.216547267365,79.7857251073663
92.30558389237,158.055017919009
120.222106202372,127.196843045922
81.0031793864465,122.095803142812
81.9290538026818,104.398759121354
101.021010595788,108.49362390217
123.691190816471,117.678301623104
114.113066626426,106.475484297311
130.384544128831,104.65159704623
74.9934018977974,128.614799089116
59.3792931330479,95.0244189256213
98.4978186404065,107.650112367129
89.8935773306665,73.0758292193602
106.269966199582,147.519103141084
93.4462003630948,141.782758844979
43.7957437622884,45.6322530481324
92.148345850849,93.5104096423163
59.9591644193074,116.495681701326
92.5676006156471,114.482087125527
141.273545835508,122.825461868502
135.716193452719,86.6302594919796
